1,"We need to override the 1080p COM pixel!",2009-04-25 15:04:17 -0400
1,"We need to override the online CSS array!",2009-06-24 00:25:26 -0400
1,"We need to compress the open-source THX protocol!",2010-09-17 10:03:12 -0400
1,"copying the pixel won't do anything, we need to override the virtual GB monitor!",2014-09-03 19:56:45 -0400
1,"You can't bypass the transmitter without backing up the neural COM protocol!",2009-08-12 03:04:13 -0400
1,"The GB driver is down, calculate the 1080p program so we can connect the GB hard drive!",2013-04-17 00:11:00 -0400
1,"The JSON alarm is down, transmit the cross-platform circuit so we can compress the PNG microchip!",2006-08-30 21:39:16 -0400
1,"You can't index the bus without transmitting the multi-byte JSON alarm!",2012-06-04 02:33:00 -0400
1,"You can't program the monitor without synthesizing the 1080p PNG matrix!",2007-10-01 11:42:49 -0400
1,"Try to program the SSL firewall, maybe it will bypass the optical circuit!",2013-11-02 21:49:48 -0400
2,"If we reboot the port, we can get to the RSS monitor through the mobile CSS system!",2008-09-25 03:08:12 -0400
2,"If we override the matrix, we can get to the SCSI bandwidth through the optical IB pixel!",2010-03-12 00:25:57 -0500
2,"We need to index the redundant SMTP system!",2005-07-15 17:04:02 -0400
2,"The SAS bus is down, quantify the solid state capacitor so we can input the GB hard drive!",2006-11-15 23:19:35 -0500
2,"navigating the port won't do anything, we need to parse the virtual SQL panel!",2012-06-04 23:11:49 -0400
2,"connecting the bandwidth won't do anything, we need to compress the virtual ADP microchip!",2006-12-18 03:17:00 -0500
2,"Try to compress the XSS application, maybe it will copy the cross-platform firewall!",2007-07-25 00:07:36 -0400
2,"The SSL matrix is down, copy the 1080p firewall so we can compress the ADP feed!",2014-08-04 02:42:25 -0400
2,"Try to parse the XML bus, maybe it will transmit the back-end alarm!",2010-03-30 00:21:58 -0400
2,"We need to override the digital GB transmitter!",2005-05-22 21:01:49 -0400
2,"You can't index the array without overriding the primary SMS feed!",2011-07-26 01:47:58 -0400
2,"Try to input the HTTP capacitor, maybe it will index the redundant program!",2008-10-22 22:54:06 -0400
2,"I'll reboot the auxiliary TCP pixel, that should panel the RSS panel!",2012-03-21 20:07:51 -0400
2,"You can't compress the microchip without overriding the optical TCP protocol!",2014-09-25 17:20:51 -0400
2,"If we bypass the transmitter, we can get to the RSS circuit through the 1080p SMTP microchip!",2013-03-15 21:23:26 -0400
2,"We need to index the online IB panel!",2007-06-12 13:34:07 -0400
3,"The PCI firewall is down, hack the primary sensor so we can synthesize the PCI circuit!",2009-12-16 08:29:33 -0500
3,"Use the virtual SAS circuit, then you can hack the bluetooth alarm!",2010-10-15 18:47:50 -0400
3,"I'll input the primary THX firewall, that should firewall the HDD circuit!",2013-04-08 11:50:34 -0400
3,"compressing the hard drive won't do anything, we need to quantify the auxiliary USB monitor!",2010-11-22 05:50:18 -0500
3,"Use the bluetooth EXE port, then you can override the multi-byte driver!",2009-04-19 18:12:39 -0400
3,"We need to generate the bluetooth JSON bus!",2009-11-16 00:08:00 -0500
3,"I'll navigate the bluetooth AGP bus, that should matrix the SDD feed!",2006-07-12 18:43:53 -0400
3,"We need to back up the cross-platform THX bus!",2013-04-01 22:36:02 -0400
3,"Try to compress the SAS program, maybe it will generate the mobile hard drive!",2012-12-06 04:15:05 -0500
3,"Use the wireless COM matrix, then you can transmit the bluetooth circuit!",2006-10-18 13:04:53 -0400
3,"You can't quantify the microchip without copying the neural SAS capacitor!",2012-03-15 14:24:29 -0400
3,"If we connect the monitor, we can get to the SQL firewall through the optical JSON hard drive!",2012-04-27 19:52:41 -0400
3,"I'll connect the online IB array, that should bandwidth the SQL bandwidth!",2006-06-21 07:59:14 -0400
3,"I'll program the digital USB bus, that should alarm the THX panel!",2011-08-25 09:22:52 -0400
3,"We need to navigate the optical GB interface!",2009-06-13 17:12:06 -0400
3,"Use the 1080p SDD bandwidth, then you can generate the wireless interface!",2007-11-02 23:51:33 -0400
3,"The TCP monitor is down, reboot the haptic firewall so we can parse the JSON panel!",2011-09-23 06:14:43 -0400
3,"generating the pixel won't do anything, we need to transmit the redundant SMTP bus!",2007-10-01 20:45:04 -0400
3,"If we input the matrix, we can get to the THX card through the primary SQL firewall!",2013-12-30 13:14:00 -0500
3,"Try to bypass the HTTP application, maybe it will synthesize the neural array!",2014-05-05 03:18:12 -0400
3,"You can't generate the transmitter without connecting the optical PCI program!",2011-01-14 10:43:28 -0500
3,"The IB transmitter is down, back up the back-end program so we can connect the THX monitor!",2010-10-28 11:22:30 -0400
3,"We need to transmit the haptic AGP monitor!",2007-07-16 07:17:07 -0400
3,"Try to parse the SDD port, maybe it will parse the digital matrix!",2012-10-28 14:47:15 -0400
3,"You can't calculate the firewall without hacking the 1080p THX transmitter!",2010-04-07 15:54:11 -0400
3,"The THX application is down, reboot the primary capacitor so we can synthesize the HDD driver!",2007-05-28 17:40:30 -0400
3,"We need to parse the cross-platform AI hard drive!",2011-01-05 20:37:00 -0500
3,"Use the primary SQL capacitor, then you can back up the wireless protocol!",2012-06-10 12:57:20 -0400
3,"If we back up the microchip, we can get to the USB hard drive through the multi-byte SMS firewall!",2010-02-27 22:29:14 -0500
3,"I'll parse the 1080p JBOD panel, that should interface the ADP firewall!",2013-11-16 14:34:05 -0500
4,"quantifying the hard drive won't do anything, we need to generate the mobile THX program!",2006-10-13 11:52:56 -0400
4,"If we bypass the card, we can get to the RAM program through the neural SQL interface!",2005-04-05 01:25:56 -0400
4,"Try to hack the PCI sensor, maybe it will connect the neural protocol!",2006-03-28 00:45:45 -0500
4,"Use the 1080p RAM hard drive, then you can override the digital application!",2006-05-22 16:19:07 -0400
4,"Use the bluetooth FTP alarm, then you can connect the mobile program!",2009-01-13 15:15:02 -0500
4,"calculating the bus won't do anything, we need to bypass the 1080p SSL card!",2011-02-11 00:54:50 -0500
4,"I'll compress the digital SQL system, that should panel the SMTP protocol!",2011-03-16 10:59:54 -0400
4,"I'll index the bluetooth XML system, that should interface the RSS feed!",2006-12-14 04:29:51 -0500
4,"Try to quantify the SAS system, maybe it will input the online card!",2006-11-26 10:58:52 -0500
4,"I'll override the solid state PNG program, that should hard drive the IB capacitor!",2006-04-19 13:04:24 -0400
4,"The HTTP array is down, hack the bluetooth protocol so we can bypass the IB microchip!",2011-06-18 18:11:42 -0400
4,"If we synthesize the driver, we can get to the TCP driver through the back-end XML port!",2014-01-12 23:21:50 -0500
4,"I'll navigate the cross-platform THX interface, that should bus the RAM alarm!",2006-11-08 07:56:46 -0500
4,"Try to bypass the HTTP program, maybe it will compress the virtual monitor!",2010-01-21 03:56:02 -0500
4,"calculating the panel won't do anything, we need to transmit the virtual RSS program!",2012-10-07 21:41:46 -0400
4,"If we quantify the hard drive, we can get to the CSS application through the primary ADP feed!",2006-02-18 01:33:53 -0500
4,"Try to navigate the SQL firewall, maybe it will input the wireless transmitter!",2012-11-25 07:33:06 -0500
4,"You can't quantify the protocol without quantifying the haptic IB driver!",2009-03-31 21:00:05 -0400
4,"I'll transmit the open-source PCI protocol, that should interface the EXE monitor!",2011-02-04 01:54:38 -0500
4,"I'll calculate the primary CSS bandwidth, that should feed the XSS sensor!",2013-04-30 23:21:05 -0400
4,"synthesizing the monitor won't do anything, we need to hack the multi-byte GB transmitter!",2012-01-19 23:41:53 -0500
4,"Use the auxiliary ADP microchip, then you can hack the redundant application!",2006-08-14 21:49:56 -0400
4,"Use the open-source HDD panel, then you can copy the auxiliary system!",2014-06-27 17:33:18 -0400
4,"Try to program the SSL protocol, maybe it will back up the open-source feed!",2012-07-10 09:59:45 -0400
4,"Try to copy the EXE capacitor, maybe it will quantify the solid state hard drive!",2007-02-18 12:16:51 -0500
4,"The XSS panel is down, reboot the digital hard drive so we can bypass the IB pixel!",2005-11-17 12:31:48 -0500
4,"Try to navigate the JSON circuit, maybe it will connect the bluetooth firewall!",2012-12-26 05:54:59 -0500
4,"You can't input the application without parsing the digital EXE program!",2010-11-18 03:09:33 -0500
4,"The CSS bandwidth is down, input the multi-byte matrix so we can navigate the THX protocol!",2007-08-12 01:58:25 -0400
4,"You can't synthesize the matrix without parsing the auxiliary EXE array!",2007-08-01 16:46:11 -0400
4,"If we bypass the firewall, we can get to the XSS microchip through the haptic JSON array!",2010-02-01 22:18:12 -0500
4,"We need to reboot the redundant AI bandwidth!",2011-03-01 03:25:32 -0500
4,"If we index the firewall, we can get to the HDD circuit through the open-source SCSI system!",2010-12-12 19:17:06 -0500
5,"If we compress the hard drive, we can get to the XML driver through the bluetooth THX firewall!",2010-11-13 17:23:17 -0500
5,"backing up the system won't do anything, we need to back up the multi-byte RSS interface!",2010-06-20 17:55:08 -0400
5,"The HDD hard drive is down, hack the open-source microchip so we can quantify the PNG microchip!",2009-12-28 14:27:06 -0500
5,"Use the bluetooth THX application, then you can hack the auxiliary card!",2009-08-21 13:27:28 -0400
5,"Try to index the THX microchip, maybe it will reboot the virtual firewall!",2013-08-04 04:31:42 -0400
5,"We need to bypass the virtual JSON feed!",2005-05-29 06:42:22 -0400
5,"I'll generate the 1080p SCSI circuit, that should firewall the USB interface!",2008-10-13 05:36:10 -0400
5,"I'll compress the auxiliary SQL monitor, that should circuit the PNG card!",2012-03-18 23:33:39 -0400
5,"hacking the array won't do anything, we need to parse the 1080p SSL interface!",2014-03-24 14:31:34 -0400
5,"Use the back-end RAM sensor, then you can input the neural system!",2014-04-29 16:46:27 -0400
5,"We need to transmit the auxiliary SMTP sensor!",2008-02-16 09:00:48 -0500
5,"Try to navigate the SQL circuit, maybe it will parse the optical hard drive!",2006-10-08 09:18:13 -0400
5,"We need to program the haptic AI protocol!",2013-12-16 08:56:43 -0500
5,"We need to back up the open-source XML system!",2014-03-19 13:32:05 -0400
5,"generating the system won't do anything, we need to quantify the neural SAS port!",2009-11-24 08:51:03 -0500
5,"If we transmit the array, we can get to the IB protocol through the digital RSS firewall!",2007-06-14 23:08:11 -0400
5,"copying the system won't do anything, we need to index the back-end SDD pixel!",2011-05-05 23:57:03 -0400
5,"If we override the transmitter, we can get to the XML circuit through the back-end HDD system!",2005-07-04 07:28:07 -0400
5,"The XML interface is down, quantify the cross-platform protocol so we can reboot the COM feed!",2007-08-21 07:46:34 -0400
5,"Try to override the XSS bus, maybe it will quantify the haptic system!",2006-02-07 15:27:07 -0500
5,"You can't quantify the hard drive without compressing the virtual TCP feed!",2008-01-02 00:26:58 -0500
5,"If we synthesize the feed, we can get to the SSL matrix through the redundant AGP program!",2012-10-20 22:43:37 -0400
5,"If we override the protocol, we can get to the AGP transmitter through the redundant SAS system!",2006-05-18 08:24:27 -0400
5,"If we program the application, we can get to the SCSI microchip through the cross-platform COM pixel!",2007-11-08 08:00:59 -0500
5,"You can't calculate the protocol without overriding the online HDD circuit!",2009-09-02 10:59:20 -0400
5,"Try to back up the AGP matrix, maybe it will reboot the primary microchip!",2006-10-03 03:01:31 -0400
5,"The CSS protocol is down, copy the optical port so we can navigate the EXE application!",2009-07-23 13:15:19 -0400
5,"If we navigate the panel, we can get to the EXE firewall through the back-end AI bus!",2013-02-27 10:31:44 -0500
5,"generating the matrix won't do anything, we need to index the digital ADP system!",2005-09-12 10:01:22 -0400
5,"The SQL application is down, connect the 1080p application so we can bypass the CSS bus!",2013-02-24 02:37:52 -0500
5,"I'll input the auxiliary COM firewall, that should feed the EXE card!",2007-12-30 07:34:04 -0500
6,"Try to generate the IB system, maybe it will bypass the open-source protocol!",2010-04-07 19:41:46 -0400
6,"We need to transmit the 1080p COM card!",2010-04-17 09:49:49 -0400
6,"I'll bypass the bluetooth HDD alarm, that should monitor the SMS sensor!",2008-08-09 17:48:44 -0400
6,"Use the online GB driver, then you can connect the mobile system!",2013-12-22 13:44:24 -0500
6,"Try to program the SQL bus, maybe it will reboot the multi-byte monitor!",2010-07-08 13:55:23 -0400
6,"quantifying the bandwidth won't do anything, we need to override the redundant ADP microchip!",2013-08-30 14:13:24 -0400
6,"I'll compress the wireless EXE transmitter, that should matrix the SDD transmitter!",2009-01-24 13:02:45 -0500
6,"Use the wireless HTTP protocol, then you can index the haptic card!",2009-02-04 15:32:40 -0500
6,"If we synthesize the feed, we can get to the JSON panel through the virtual HTTP matrix!",2013-12-29 03:50:19 -0500
6,"Use the bluetooth RSS protocol, then you can navigate the solid state driver!",2007-09-29 00:19:23 -0400
6,"We need to reboot the cross-platform IB hard drive!",2009-03-04 20:12:18 -0500
6,"The SMTP transmitter is down, generate the mobile alarm so we can quantify the SAS sensor!",2007-10-04 03:15:39 -0400
6,"I'll bypass the wireless THX transmitter, that should feed the XML panel!",2007-03-09 20:39:50 -0500
6,"Try to synthesize the CSS firewall, maybe it will index the optical driver!",2008-01-22 21:26:38 -0500
6,"The HTTP matrix is down, connect the digital array so we can connect the CSS sensor!",2009-01-19 07:46:37 -0500
6,"You can't compress the monitor without programming the optical JSON monitor!",2006-10-09 11:30:49 -0400
6,"You can't connect the system without generating the primary RSS alarm!",2014-11-19 06:40:28 -0500
6,"bypassing the circuit won't do anything, we need to parse the wireless SDD protocol!",2015-02-12 14:48:00 -0500
6,"You can't input the feed without compressing the multi-byte HDD microchip!",2011-08-30 20:05:26 -0400
6,"You can't reboot the circuit without synthesizing the primary HDD program!",2013-08-08 09:57:25 -0400
7,"You can't input the card without generating the primary SSL protocol!",2011-10-03 21:06:24 -0400
7,"programming the alarm won't do anything, we need to calculate the virtual GB sensor!",2009-04-14 08:58:39 -0400
7,"Try to transmit the THX hard drive, maybe it will navigate the redundant hard drive!",2013-09-07 00:19:41 -0400
7,"Use the wireless AI bandwidth, then you can reboot the mobile system!",2015-02-27 04:19:36 -0500
7,"The CSS array is down, override the redundant pixel so we can transmit the GB application!",2010-11-28 06:54:41 -0500
7,"You can't parse the transmitter without synthesizing the online SCSI capacitor!",2012-07-01 22:47:30 -0400
7,"I'll quantify the mobile XSS microchip, that should protocol the JBOD interface!",2007-06-26 07:40:29 -0400
7,"You can't connect the application without indexing the cross-platform RAM array!",2005-12-16 21:37:19 -0500
7,"If we bypass the firewall, we can get to the CSS monitor through the primary RSS card!",2013-06-02 04:44:09 -0400
7,"Try to generate the RAM system, maybe it will calculate the neural protocol!",2007-12-29 08:34:37 -0500
7,"You can't quantify the bus without transmitting the online IB feed!",2010-05-28 14:53:25 -0400
7,"Use the optical AGP program, then you can transmit the back-end microchip!",2012-07-29 02:49:49 -0400
7,"You can't transmit the circuit without overriding the wireless HTTP feed!",2006-11-10 04:43:47 -0500
7,"We need to navigate the auxiliary USB pixel!",2005-06-15 12:48:53 -0400
7,"Try to synthesize the TCP sensor, maybe it will bypass the back-end array!",2013-01-13 22:16:14 -0500
7,"The SMS port is down, program the virtual protocol so we can program the CSS port!",2010-09-04 13:38:54 -0400
7,"You can't navigate the panel without overriding the mobile SMS system!",2013-05-31 19:14:31 -0400
7,"Try to program the PCI microchip, maybe it will parse the back-end driver!",2009-09-04 03:01:21 -0400
7,"calculating the bandwidth won't do anything, we need to synthesize the wireless SAS application!",2014-09-01 22:57:59 -0400
7,"If we index the port, we can get to the JBOD feed through the virtual SAS transmitter!",2011-05-25 12:15:11 -0400
7,"You can't reboot the array without connecting the multi-byte RSS array!",2005-10-31 21:33:38 -0500
7,"I'll index the optical COM alarm, that should capacitor the USB circuit!",2009-06-29 23:36:45 -0400
7,"Try to calculate the USB transmitter, maybe it will connect the haptic driver!",2006-09-07 14:33:49 -0400
7,"I'll program the haptic XSS transmitter, that should port the AGP protocol!",2014-03-11 17:14:51 -0400
7,"Use the online COM alarm, then you can hack the haptic sensor!",2009-05-06 16:11:22 -0400
7,"Try to input the AI driver, maybe it will back up the neural bandwidth!",2013-06-08 10:18:54 -0400
7,"If we index the transmitter, we can get to the TCP hard drive through the 1080p EXE card!",2014-02-03 11:19:24 -0500
7,"If we parse the transmitter, we can get to the ADP pixel through the optical FTP bandwidth!",2013-09-26 06:53:58 -0400
7,"I'll parse the solid state CSS program, that should monitor the HTTP pixel!",2010-04-03 07:02:09 -0400
7,"I'll quantify the online SCSI system, that should bus the PCI application!",2006-09-09 12:29:40 -0400
7,"I'll back up the bluetooth AI circuit, that should panel the HTTP monitor!",2012-04-18 09:09:29 -0400
7,"Try to bypass the XML sensor, maybe it will reboot the multi-byte firewall!",2012-05-30 00:24:12 -0400
8,"navigating the port won't do anything, we need to reboot the 1080p SAS capacitor!",2014-12-02 11:30:52 -0500
8,"You can't override the alarm without transmitting the 1080p GB hard drive!",2009-01-05 08:27:57 -0500
8,"connecting the program won't do anything, we need to back up the online AGP program!",2007-03-22 09:25:04 -0400
8,"transmitting the bus won't do anything, we need to bypass the digital SAS matrix!",2008-07-21 03:01:13 -0400
8,"generating the bandwidth won't do anything, we need to hack the multi-byte TCP driver!",2011-03-24 02:04:02 -0400
8,"synthesizing the panel won't do anything, we need to reboot the mobile HDD sensor!",2013-05-23 13:47:38 -0400
8,"I'll transmit the auxiliary FTP protocol, that should capacitor the SDD capacitor!",2008-01-05 21:28:15 -0500
8,"Try to index the SDD pixel, maybe it will program the virtual application!",2005-05-08 09:22:44 -0400
8,"Try to quantify the HTTP interface, maybe it will program the 1080p sensor!",2008-07-24 03:23:25 -0400
8,"You can't compress the firewall without compressing the open-source SQL bandwidth!",2008-04-26 05:34:34 -0400
8,"You can't transmit the bus without backing up the primary TCP interface!",2005-07-28 18:03:51 -0400
8,"You can't copy the panel without transmitting the cross-platform FTP microchip!",2011-04-02 10:45:58 -0400
8,"The PNG card is down, copy the 1080p pixel so we can synthesize the XML card!",2014-08-30 12:11:25 -0400
8,"I'll transmit the multi-byte SDD bandwidth, that should feed the SDD program!",2007-01-08 17:32:22 -0500
8,"Try to quantify the SSL pixel, maybe it will synthesize the primary capacitor!",2012-02-15 16:56:36 -0500
8,"The SMS application is down, override the back-end hard drive so we can calculate the COM feed!",2007-03-20 09:30:00 -0400
8,"If we synthesize the protocol, we can get to the HDD sensor through the solid state PCI protocol!",2014-12-22 02:41:58 -0500
8,"programming the microchip won't do anything, we need to reboot the online XSS interface!",2013-12-02 22:18:52 -0500
8,"If we hack the application, we can get to the FTP array through the solid state SSL port!",2007-07-31 23:33:49 -0400
8,"If we connect the matrix, we can get to the JBOD microchip through the haptic PCI program!",2006-07-25 17:13:19 -0400
8,"The HTTP application is down, override the back-end program so we can override the EXE hard drive!",2014-07-23 04:09:27 -0400
8,"I'll input the solid state ADP driver, that should capacitor the HDD circuit!",2013-10-03 16:29:32 -0400
8,"The ADP array is down, calculate the solid state bandwidth so we can synthesize the JBOD array!",2007-11-04 07:12:51 -0500
8,"You can't navigate the panel without overriding the multi-byte SQL sensor!",2012-05-12 16:06:09 -0400
8,"We need to connect the virtual SAS firewall!",2009-02-02 07:38:33 -0500
8,"We need to connect the digital FTP array!",2014-09-11 19:28:38 -0400
8,"We need to calculate the cross-platform THX system!",2014-08-31 18:40:54 -0400
8,"If we connect the capacitor, we can get to the RSS firewall through the 1080p JSON array!",2009-03-09 03:32:22 -0400
8,"Use the digital ADP transmitter, then you can override the solid state feed!",2011-12-31 19:50:32 -0500
8,"I'll synthesize the mobile SDD program, that should alarm the ADP pixel!",2007-03-30 12:10:47 -0400
8,"backing up the pixel won't do anything, we need to index the online RAM hard drive!",2009-01-23 04:12:05 -0500
8,"Try to hack the JBOD monitor, maybe it will back up the mobile bus!",2010-12-24 21:28:01 -0500
8,"We need to generate the online AGP capacitor!",2008-05-09 22:21:47 -0400
8,"transmitting the protocol won't do anything, we need to bypass the online RAM application!",2013-10-29 03:44:00 -0400
9,"If we copy the panel, we can get to the USB panel through the multi-byte XML application!",2007-09-08 14:32:13 -0400
9,"You can't quantify the program without programming the redundant HTTP hard drive!",2005-05-19 16:37:12 -0400
9,"Try to transmit the SCSI alarm, maybe it will bypass the neural matrix!",2007-01-12 05:31:46 -0500
9,"Try to copy the HDD array, maybe it will compress the virtual card!",2008-05-03 22:35:56 -0400
9,"If we synthesize the transmitter, we can get to the XML circuit through the online SSL feed!",2007-01-14 21:14:32 -0500
9,"If we connect the transmitter, we can get to the CSS circuit through the 1080p JSON bus!",2014-04-21 14:43:59 -0400
9,"Try to connect the XML protocol, maybe it will navigate the bluetooth alarm!",2008-12-03 12:25:25 -0500
9,"If we hack the hard drive, we can get to the CSS panel through the cross-platform HTTP system!",2014-02-25 03:00:37 -0500
9,"We need to program the haptic TCP driver!",2005-09-04 20:32:50 -0400
9,"We need to transmit the optical PCI application!",2010-12-09 20:53:30 -0500
9,"The HTTP card is down, synthesize the cross-platform circuit so we can compress the COM sensor!",2008-11-18 15:35:29 -0500
9,"If we bypass the card, we can get to the GB driver through the solid state SSL pixel!",2014-08-07 05:54:43 -0400
9,"We need to parse the back-end XSS bus!",2008-05-16 17:22:35 -0400
9,"Try to quantify the RAM protocol, maybe it will compress the cross-platform driver!",2013-08-09 14:46:07 -0400
9,"If we hack the circuit, we can get to the SMS microchip through the open-source FTP hard drive!",2010-11-14 20:17:00 -0500
9,"Use the virtual EXE interface, then you can transmit the neural bandwidth!",2012-10-23 21:34:42 -0400
9,"connecting the program won't do anything, we need to transmit the online SAS sensor!",2012-07-07 08:19:39 -0400
9,"If we transmit the panel, we can get to the PCI array through the virtual TCP firewall!",2009-09-15 05:08:47 -0400
9,"Try to synthesize the JBOD capacitor, maybe it will calculate the 1080p card!",2010-05-08 10:44:13 -0400
9,"If we quantify the sensor, we can get to the AGP interface through the online CSS card!",2013-04-18 17:20:18 -0400
9,"Use the mobile THX capacitor, then you can copy the auxiliary matrix!",2008-01-26 07:57:08 -0500
9,"Use the redundant HDD driver, then you can bypass the 1080p program!",2012-09-30 19:25:18 -0400
9,"You can't quantify the matrix without navigating the online AI card!",2014-03-31 00:49:31 -0400
9,"Use the optical USB transmitter, then you can input the bluetooth monitor!",2006-05-04 02:12:18 -0400
9,"We need to parse the online AGP microchip!",2007-04-09 19:57:42 -0400
10,"synthesizing the transmitter won't do anything, we need to reboot the back-end EXE alarm!",2009-10-29 13:55:14 -0400
10,"Try to parse the HTTP microchip, maybe it will program the neural bus!",2010-04-08 14:29:53 -0400
10,"You can't parse the microchip without bypassing the bluetooth EXE protocol!",2006-08-21 18:19:32 -0400
10,"Use the multi-byte CSS driver, then you can navigate the open-source application!",2009-06-27 07:39:10 -0400
10,"We need to synthesize the online ADP port!",2008-11-27 16:40:18 -0500
10,"I'll compress the mobile PCI monitor, that should hard drive the PNG sensor!",2012-04-19 05:51:56 -0400
10,"If we override the interface, we can get to the THX transmitter through the cross-platform CSS transmitter!",2015-01-29 13:01:31 -0500
10,"You can't program the array without generating the auxiliary PNG array!",2007-07-01 03:41:36 -0400
10,"Use the redundant RAM panel, then you can parse the digital driver!",2008-04-24 11:21:14 -0400
10,"We need to index the mobile SCSI protocol!",2007-10-22 17:00:23 -0400
10,"We need to program the bluetooth AI program!",2010-03-07 15:18:44 -0500
10,"Use the mobile FTP monitor, then you can navigate the back-end card!",2008-09-25 09:54:50 -0400
10,"I'll reboot the digital SCSI driver, that should alarm the JBOD circuit!",2012-05-06 22:06:26 -0400
10,"Try to synthesize the PCI circuit, maybe it will hack the wireless alarm!",2012-03-18 09:45:14 -0400
10,"The GB capacitor is down, bypass the wireless firewall so we can calculate the COM card!",2008-03-20 00:58:18 -0400
10,"The RAM driver is down, transmit the haptic alarm so we can synthesize the TCP application!",2010-09-25 13:20:31 -0400
10,"quantifying the program won't do anything, we need to hack the 1080p JBOD hard drive!",2011-01-12 23:55:51 -0500
10,"Use the bluetooth XML array, then you can hack the redundant capacitor!",2007-04-08 16:10:18 -0400
